grant_id,organisation_id,grant_amount,grant_start_date,grant_end_date,other_details
1,10,4094.542,2016-11-20 00:18:51,2004-10-24 09:09:39,et
2,3,281.2446,1985-10-09 20:08:49,1985-06-08 00:22:07,occaecati
3,14,4515947.7015,1970-09-19 22:53:49,1989-03-16 18:27:16,et
4,11,330.6339,1990-08-13 20:27:28,2014-08-13 22:58:50,et
5,2,608413.3291,1979-10-29 07:44:22,1996-08-16 20:45:05,corrupti
6,8,42.8061,2011-05-10 22:44:08,1977-12-27 01:51:18,dolor
7,7,76977808.306,2015-12-14 13:02:11,1981-03-09 17:12:27,explicabo
8,10,38675408.6017,2016-02-25 04:28:44,1983-06-22 15:12:32,aliquam
9,8,0,2009-07-14 18:26:05,1982-03-11 15:27:55,sapiente
10,14,66.4203,1986-08-26 20:49:27,2007-09-26 19:19:26,veniam
11,5,610.7004,1986-10-31 17:11:29,2001-05-22 21:02:43,voluptatum
12,12,2001349.459,2001-06-22 16:01:05,2007-04-24 03:04:13,aut
13,7,1.9848,2004-11-10 02:26:01,2011-05-29 11:21:59,qui
14,2,24.7,2004-12-05 19:43:13,1983-12-17 12:29:58,aliquam
15,9,25313.51,1982-04-07 00:07:43,1991-06-06 07:26:25,ea
